unix_seconds	available_kib	scope_memory_bytes
1790220290	4186516	262144
1790220291	4061448	132141056
1790220292	3977016	213282816
1790220293	3892664	294891520
1790220294	3815328	373813248
1790220295	3744648	433799168
1790220296	3660716	516395008
1790220297	3587008	607535104
1790220298	3513516	684277760
1790220299	3662660	509784064
1790220300	3690304	466178048
1790220301	3646128	533041152
1790220302	3546624	557408256
1790220303	3557164	551538688
1790220304	3561740	551845888
1790220305	3572308	551915520
1790220306	3578892	556335104
1790220307	3585960	542601216
1790220308	3597508	533893120
1790220310	3608332	514899968
1790220311	3632048	504107008
1790220312	3633604	504557568
1790220313	3658656	504913920
1790220314	3667488	504905728
1790220315	3671564	504975360
1790220316	3679856	505397248
1790220317	3684156	516034560
1790220318	3659784	544944128
1790220319	3653376	551899136
1790220320	4119740	79753216
